<customUI xmlns="http://schemas.microsoft.com/office/2006/01/customui" onLoad="ribbon.OnAddinLoad">
    <ribbon startFromScratch="false">
        <tabs>
            <tab id="wpsAddinTab" label="CSWADI-Tools">
				<group id="btnDemoGroup" label="group1">
                    <button id="btnShowTaskPane" label="智文通" onAction="ribbon.OnAction" getEnabled="ribbon.OnGetEnabled"  getImage="ribbon.GetImage" getVisible="ribbon.OnGetVisible" size="large"/>
				</group>
            </tab>
        </tabs>
    </ribbon>
</customUI>